{"cameraMode":{"drawMode":0,"name":"Shaded","section":"Shading Mode"},"sceneLighting":false,"audioPlay":false,"sceneViewState":{"showFog":true,"showMaterialUpdate":false,"showSkybox":false,"showFlares":true,"showImageEffects":true,"showParticleSystems":true},"in2DMode":false,"pivot":{"x":9.420548439025879,"y":-0.2570093870162964,"z":2.924504518508911},"rotation":{"x":-0.02852618508040905,"y":-0.5724501013755798,"z":0.019937871024012567,"w":-0.819218099117279},"size":4.683071136474609,"orthographic":false}